,Predictions,Probabilities,Labels
0,0,0.6986010074615479,0
1,0,0.6996192336082458,0
2,0,0.6245200037956238,0
3,0,0.7011078596115112,0
4,0,0.6998418569564819,0
5,0,0.6921558380126953,0
6,0,0.7023927569389343,0
7,0,0.7009621858596802,0
8,0,0.701834499835968,1
9,0,0.6981738805770874,0
10,0,0.7035884261131287,0
11,1,0.5501432418823242,1
12,0,0.6982667446136475,0
13,0,0.7011339664459229,0
14,1,0.566697359085083,1
15,1,0.5654667615890503,1
16,1,0.5959563851356506,0
17,0,0.6994768381118774,0
18,0,0.7020240426063538,1
19,0,0.5551064014434814,1
20,0,0.7012953758239746,0
21,0,0.7018754482269287,0
22,0,0.7005266547203064,1
23,0,0.6970635652542114,1
24,0,0.6994279026985168,0
25,0,0.6972088813781738,0
26,0,0.6549811363220215,0
27,0,0.698884129524231,1
28,0,0.6993607878684998,0
29,0,0.5575276017189026,0
30,0,0.701775074005127,0
31,0,0.6982956528663635,0
32,0,0.7004488110542297,1
33,0,0.6976684927940369,0
34,0,0.701896607875824,1
35,0,0.6987476944923401,0
36,0,0.6979225873947144,1
37,0,0.6990005373954773,0
38,0,0.7005099654197693,0
39,1,0.5986446738243103,0
40,0,0.6918995380401611,0
41,0,0.6984755396842957,0
42,0,0.7021193504333496,0
43,0,0.6997209787368774,0
44,0,0.6994925737380981,1
45,0,0.6974263787269592,0
46,0,0.7010359764099121,0
47,0,0.6978606581687927,1
48,0,0.7024826407432556,1
49,0,0.7002668976783752,1
50,0,0.6994715929031372,0
51,1,0.6481906771659851,1
52,0,0.7021660804748535,0
53,0,0.6976599097251892,0
54,0,0.698228657245636,1
55,0,0.6997222900390625,1
56,0,0.5850248336791992,1
57,0,0.7013727426528931,1
58,0,0.7012082934379578,0
59,0,0.6997328400611877,0
60,0,0.69976407289505,0
61,0,0.6979849338531494,0
62,1,0.566020131111145,0
63,0,0.7024480700492859,1
64,0,0.6987225413322449,1
65,0,0.7007417678833008,0
66,0,0.6984364986419678,0
67,1,0.6172713041305542,0
68,0,0.6955207586288452,1
69,0,0.6995940804481506,0
70,0,0.7004677653312683,0
71,0,0.6975777745246887,0
72,0,0.6982070207595825,0
73,0,0.5533237457275391,1
74,0,0.7018663287162781,0
75,1,0.5681686401367188,1
76,0,0.692557692527771,0
77,0,0.6989597082138062,0
78,0,0.6997247934341431,0
79,0,0.7013818621635437,0
80,0,0.698298990726471,0
81,0,0.5986362099647522,0
82,0,0.7015096545219421,1
83,0,0.7029502987861633,1
84,0,0.7012074589729309,0
85,0,0.7004122138023376,0
86,0,0.7010679841041565,1
87,0,0.6970611214637756,0
88,0,0.6984595060348511,0
89,1,0.5533663630485535,1
90,0,0.7033789157867432,1
91,0,0.6984531879425049,0
92,0,0.7013173699378967,0
93,0,0.6990251541137695,0
94,0,0.701665997505188,1
95,0,0.7009727954864502,1
96,0,0.7033900618553162,1
97,0,0.7007984519004822,1
98,0,0.698700487613678,0
99,0,0.7024281024932861,0
100,0,0.6989089250564575,0
101,0,0.6975228786468506,0
102,0,0.7010213136672974,1
103,0,0.7009925246238708,0
104,0,0.6979652047157288,0
105,0,0.6988968253135681,0
106,1,0.5824554562568665,0
107,0,0.5485228300094604,0
108,0,0.6986164450645447,1
109,1,0.5526959896087646,1
110,0,0.7012659311294556,1
111,0,0.7016441226005554,0
112,1,0.5774533152580261,0
113,0,0.6982883810997009,0
114,0,0.7012068629264832,1
115,0,0.6980153322219849,0
116,1,0.5850622653961182,0
117,0,0.6997607350349426,0
118,0,0.5961323380470276,0
119,0,0.7002286911010742,1
120,0,0.7004314064979553,0
121,0,0.6991479396820068,0
122,0,0.7000389099121094,0
123,0,0.6994730830192566,0
124,0,0.6296610236167908,1
125,0,0.6949200630187988,1
126,0,0.7005175948143005,1
127,0,0.656205952167511,1
128,0,0.7002056837081909,1
129,0,0.7008477449417114,1
130,0,0.7015023827552795,0
131,0,0.572696328163147,1
132,0,0.6972571611404419,0
133,0,0.571395993232727,0
134,0,0.6987371444702148,0
135,0,0.7008365392684937,0
136,1,0.5776916146278381,0
137,1,0.5799497365951538,1
138,0,0.7002201080322266,0
139,0,0.7007017135620117,1
140,0,0.6991847157478333,1
141,0,0.6991675496101379,0
142,0,0.6987770199775696,1
143,0,0.701494574546814,0
144,0,0.6927849650382996,0
145,1,0.5528087019920349,0
146,0,0.6983375549316406,1
147,0,0.7028999924659729,0
148,0,0.5516453385353088,0
149,0,0.6980410218238831,1
150,0,0.7015944123268127,1
151,0,0.7013661861419678,0
152,0,0.7032666802406311,0
153,1,0.5871872901916504,1
154,0,0.7006606459617615,1
155,0,0.7030522227287292,0
156,0,0.6971607208251953,1
157,0,0.6982216835021973,0
158,0,0.6973667740821838,0
159,0,0.7017160654067993,0
160,0,0.6994230151176453,0
161,0,0.6998951435089111,0
162,0,0.7011508345603943,1
163,0,0.7009103894233704,0
164,0,0.6756412386894226,1
165,1,0.5889405608177185,1
166,0,0.6976137757301331,0
167,0,0.5609275102615356,0
168,0,0.6957084536552429,0
169,0,0.7015925645828247,1
170,1,0.5646908283233643,0
171,0,0.6996328830718994,0
172,0,0.6981536746025085,0
173,1,0.5697302222251892,0
174,0,0.6991717219352722,0
175,0,0.7015126943588257,0
176,0,0.5574911236763,1
177,0,0.7003330588340759,0
178,0,0.7022489309310913,0
179,0,0.7001134753227234,0
180,1,0.5528589487075806,1
181,0,0.6986978650093079,0
182,0,0.5702772736549377,1
183,0,0.6996029019355774,0
184,0,0.6980482935905457,0
185,0,0.7016829252243042,0
186,0,0.5902503132820129,0
187,0,0.6988895535469055,1
188,0,0.700852632522583,0
189,0,0.7000998854637146,0
190,1,0.5565382838249207,0
191,0,0.7016116380691528,1
192,0,0.7016410827636719,0
193,0,0.6992334127426147,0
194,0,0.6991764307022095,0
195,0,0.698681116104126,0
196,0,0.701694667339325,0
197,1,0.5583840012550354,0
198,0,0.5877746343612671,0
199,0,0.699588418006897,0
200,0,0.61490797996521,0
201,0,0.6194418668746948,0
202,0,0.6160793900489807,0
203,0,0.6983389854431152,0
204,0,0.6993221640586853,1
205,0,0.6965131163597107,1
206,0,0.6979022026062012,0
207,0,0.6975306272506714,0
208,0,0.6961312890052795,0
209,1,0.6360886096954346,1
210,1,0.5693991780281067,1
211,0,0.6998439431190491,0
212,0,0.6997560858726501,0
213,0,0.5726118683815002,1
214,0,0.701265275478363,0
215,0,0.700118899345398,1
216,1,0.5752212405204773,1
217,0,0.6984652280807495,0
218,0,0.55268794298172,1
219,0,0.7024483680725098,1
220,0,0.6984882354736328,1
221,1,0.5496084690093994,0
222,0,0.6994248628616333,0
223,1,0.6110197901725769,1
224,0,0.6992596983909607,0
225,0,0.698978066444397,1
226,0,0.7009124755859375,0
227,1,0.5763469934463501,0
228,0,0.7025121450424194,1
229,0,0.7013245224952698,0
230,0,0.6986287236213684,0
231,0,0.6992613673210144,0
232,0,0.6977306604385376,0
233,0,0.6198367476463318,1
234,0,0.5931705236434937,0
235,0,0.7013075351715088,1
236,0,0.6984390616416931,0
237,0,0.6481489539146423,0
238,1,0.5487794280052185,0
239,1,0.563083291053772,0
240,1,0.5662771463394165,0
241,0,0.6974202394485474,1
242,0,0.6999639272689819,1
243,1,0.5563666224479675,1
244,0,0.6991521120071411,0
245,0,0.5891581177711487,1
246,0,0.6993914842605591,0
247,0,0.6996416449546814,0
248,0,0.6980762481689453,0
249,0,0.7019255757331848,0
250,0,0.6966404914855957,0
251,0,0.6947811245918274,1
252,0,0.6966086030006409,0
253,0,0.6997751593589783,0
254,0,0.7000680565834045,0
255,0,0.6993920207023621,1
256,0,0.7015552520751953,1
257,0,0.6972036361694336,0
258,0,0.7021326422691345,0
259,0,0.7040285468101501,1
260,0,0.5963008403778076,0
261,0,0.7015196084976196,1
262,0,0.5655441284179688,0
263,0,0.6985417604446411,0
264,0,0.7007505297660828,1
265,0,0.7012428045272827,1
266,0,0.6155545115470886,1
267,1,0.5511987805366516,0
268,0,0.6975817680358887,0
269,0,0.7003775238990784,1
270,0,0.6998533606529236,0
271,1,0.6024110317230225,0
272,0,0.699223518371582,0
273,0,0.6979191899299622,1
274,0,0.6029795408248901,1
275,0,0.6987273097038269,1
276,0,0.702221155166626,0
277,0,0.7036210298538208,0
278,0,0.6988560557365417,1
279,1,0.5810192227363586,1
280,0,0.6973036527633667,0
281,0,0.700578510761261,0
282,0,0.7009568214416504,0
283,0,0.5642136931419373,1
284,0,0.7005177140235901,1
285,0,0.7025282382965088,0
286,0,0.7010512351989746,0
287,0,0.7020220160484314,0
288,0,0.7002989053726196,1
289,0,0.7027179598808289,0
290,1,0.5758121013641357,1
291,0,0.6997221112251282,0
292,0,0.7008605003356934,0
293,0,0.7008865475654602,0
294,0,0.7008189558982849,0
295,0,0.7003613114356995,1
296,1,0.5735674500465393,1
297,0,0.7004693746566772,0
298,0,0.5632311701774597,1
299,0,0.6990042924880981,0
300,0,0.6980721950531006,1
301,0,0.6982588171958923,1
302,0,0.6007182002067566,0
303,0,0.6991554498672485,0
304,0,0.7009862065315247,1
305,0,0.699957013130188,1
306,0,0.7023579478263855,1
307,0,0.699700117111206,1
308,0,0.5762157440185547,0
309,0,0.7022771239280701,0
310,0,0.6971344351768494,0
311,1,0.5618754625320435,0
312,0,0.607630729675293,1
313,0,0.6003391742706299,0
314,0,0.6146323084831238,0
315,0,0.6994855999946594,1
316,0,0.6993499398231506,1
317,0,0.7021656036376953,1
318,0,0.6976666450500488,0
319,0,0.7003830671310425,1
320,0,0.7004456520080566,1
321,0,0.7018872499465942,1
322,0,0.6302644610404968,1
323,0,0.6998476386070251,0
324,1,0.5546584129333496,1
325,0,0.6975109577178955,1
326,0,0.6991227269172668,0
327,0,0.6994659304618835,0
328,0,0.6639565229415894,1
329,0,0.6941307187080383,0
330,1,0.5793073177337646,1
331,1,0.5620824098587036,1
332,0,0.7015617489814758,0
333,0,0.7019266486167908,0
334,0,0.6981583833694458,1
335,1,0.5811015367507935,0
336,1,0.5764884352684021,1
337,0,0.6021811366081238,0
338,1,0.5580732822418213,1
339,0,0.606116771697998,0
340,1,0.5726598501205444,1
341,1,0.5800473690032959,0
342,0,0.5939656496047974,1
343,0,0.5598433017730713,0
344,0,0.6999225616455078,1
345,0,0.6163098216056824,0
346,0,0.698488712310791,1
347,0,0.5903698801994324,1
348,0,0.7024199366569519,0
349,0,0.6428015232086182,1
350,1,0.583330512046814,1
351,0,0.700564444065094,1
352,0,0.7008753418922424,0
353,0,0.6999058723449707,0
354,0,0.5843021273612976,0
355,0,0.6990439295768738,1
356,1,0.5715726017951965,1
357,0,0.7027255296707153,0
358,0,0.6990949511528015,1
359,0,0.6193600296974182,0
360,0,0.6991369724273682,0
361,0,0.558859646320343,0
362,0,0.6999478340148926,0
363,1,0.5876354575157166,0
364,0,0.6996707320213318,1
365,0,0.6995900273323059,1
366,0,0.7003934979438782,0
367,0,0.5854191780090332,1
368,0,0.699238657951355,0
369,0,0.6996138095855713,1
370,0,0.698642909526825,0
371,0,0.7020555734634399,1
372,1,0.6221383810043335,1
373,1,0.5581448078155518,1
374,0,0.702404797077179,1
375,0,0.6972496509552002,0
376,0,0.6997877359390259,1
377,0,0.6995291113853455,0
378,0,0.6972200274467468,0
379,0,0.7021440863609314,1
380,0,0.7030918598175049,0
381,1,0.561225175857544,0
382,0,0.6995972990989685,0
383,0,0.6991077065467834,0
384,0,0.7040170431137085,1
385,1,0.5487644076347351,1
386,0,0.699626088142395,0
387,0,0.7004075646400452,0
388,0,0.6991477608680725,0
389,0,0.6982106566429138,0
390,0,0.6992794871330261,0
391,0,0.7012285590171814,1
392,0,0.6987650394439697,1
393,0,0.6996592879295349,0
394,0,0.5902597308158875,1
395,1,0.5615438222885132,0
396,0,0.6979191899299622,1
397,0,0.7006702423095703,0
398,0,0.6979127526283264,0
399,0,0.7005732655525208,0
400,1,0.6203581690788269,1
401,1,0.5881068110466003,0
402,0,0.7006336450576782,1
403,0,0.7020114660263062,1
404,0,0.6975920796394348,0
405,0,0.698749840259552,0
406,0,0.6987010836601257,0
407,0,0.6991918683052063,1
408,1,0.5694368481636047,1
409,0,0.6957465410232544,0
410,0,0.7017213106155396,1
411,0,0.6965352892875671,1
412,0,0.7014347314834595,0
413,0,0.6986441016197205,1
414,0,0.6992440223693848,1
415,0,0.700204610824585,1
416,1,0.5890305638313293,0
417,0,0.7017948031425476,1
418,0,0.7007613778114319,1
419,0,0.7021515965461731,0
420,0,0.698932409286499,1
421,0,0.7006019949913025,1
422,1,0.5858622193336487,1
423,0,0.6995362639427185,0
424,0,0.701888382434845,1
425,0,0.6101940870285034,0
426,0,0.6971877217292786,0
427,0,0.7010806202888489,0
428,0,0.5623443126678467,0
429,0,0.7014008164405823,0
430,0,0.6985883116722107,0
431,0,0.5859801173210144,0
432,0,0.7019301652908325,0
433,0,0.7001248598098755,0
434,1,0.5748780965805054,1
435,0,0.7023463249206543,1
436,1,0.5823187232017517,1
437,1,0.5997086763381958,1
438,0,0.6980174779891968,0
439,0,0.7001603841781616,1
440,1,0.615115761756897,0
441,0,0.7009516954421997,0
442,0,0.7008687257766724,0
443,0,0.7003572583198547,0
444,0,0.6995705366134644,1
445,1,0.61897212266922,1
446,1,0.5951858162879944,0
447,1,0.5609236359596252,0
448,0,0.6961477994918823,1
449,0,0.6983276605606079,0
450,0,0.7020847797393799,1
451,0,0.6993242502212524,0
452,0,0.698957085609436,0
453,0,0.5511760711669922,0
454,0,0.6991603970527649,1
455,0,0.7023295760154724,1
456,0,0.6998602747917175,0
457,0,0.7003251910209656,0
458,0,0.5598077178001404,1
459,1,0.5498749613761902,0
460,0,0.7020459175109863,1
461,0,0.6982397437095642,0
462,0,0.6984269618988037,0
463,0,0.7001827359199524,1
464,0,0.7011074423789978,1
465,0,0.6982184052467346,0
466,0,0.6986596584320068,1
467,1,0.5673987865447998,1
468,0,0.6999319791793823,0
469,0,0.6991605162620544,1
470,0,0.7001968622207642,1
471,0,0.7034475803375244,0
472,0,0.5859220027923584,0
473,0,0.697881817817688,1
474,0,0.6980393528938293,1
475,0,0.6285616159439087,1
476,0,0.7026086449623108,1
477,0,0.7033488154411316,0
478,0,0.6990622878074646,0
479,0,0.7020125389099121,0
480,0,0.5509271621704102,1
481,0,0.7000906467437744,0
482,0,0.5826072096824646,0
483,0,0.6995307803153992,0
484,1,0.5827457904815674,1
485,0,0.7027347087860107,1
486,0,0.699508547782898,0
487,1,0.5969694256782532,0
488,0,0.611774206161499,0
489,0,0.7004000544548035,1
490,0,0.7003577947616577,1
491,0,0.6988998055458069,0
492,0,0.6983126997947693,0
493,0,0.6605367064476013,1
494,0,0.698711633682251,0
495,0,0.6992831826210022,1
496,0,0.6998766660690308,0
497,0,0.700708270072937,1
498,0,0.625882625579834,1
499,0,0.6999065279960632,0
500,0,0.6991426944732666,0
501,0,0.7007320523262024,0
502,0,0.7006139755249023,0
503,0,0.7028395533561707,1
504,0,0.7020260095596313,1
505,0,0.7022451758384705,1
506,0,0.7007054686546326,0
507,0,0.6989282369613647,0
508,0,0.6994081139564514,0
509,0,0.5706786513328552,1
510,0,0.7026472687721252,1
511,0,0.6990383267402649,0
512,0,0.6445541977882385,1
513,0,0.7011973261833191,0
514,0,0.7011649012565613,1
515,0,0.6996639966964722,0
516,0,0.6979886293411255,0
517,0,0.6977121829986572,0
518,0,0.6418150663375854,0
519,0,0.6485561728477478,1
520,0,0.698635458946228,0
521,1,0.5593693256378174,1
522,0,0.6966977715492249,0
523,0,0.6949134469032288,1
524,0,0.6987231969833374,1
525,0,0.6971785426139832,1
526,0,0.6986532211303711,0
527,0,0.6997926235198975,1
528,0,0.7031431198120117,0
529,0,0.7031468152999878,0
530,0,0.6995086073875427,0
531,1,0.5510032176971436,1
532,0,0.7019760608673096,0
533,0,0.6997482180595398,1
534,0,0.7034918069839478,1
535,0,0.6985307931900024,0
536,0,0.6985564231872559,0
537,0,0.699009358882904,0
538,0,0.7027457356452942,1
539,1,0.5850242376327515,0
540,0,0.7003582119941711,0
541,0,0.7032334804534912,1
542,0,0.6961585879325867,1
543,0,0.7025367617607117,0
544,0,0.6998858451843262,1
545,0,0.697428822517395,1
546,0,0.7006981372833252,0
547,0,0.5665096044540405,0
548,0,0.7026054859161377,1
549,1,0.5641271471977234,0
550,0,0.7013712525367737,1
551,1,0.6133443117141724,0
552,0,0.7007410526275635,1
553,0,0.5948814749717712,1
554,1,0.5646908283233643,0
555,0,0.6750820279121399,1
556,0,0.7014610767364502,0
557,0,0.7016929388046265,0
558,0,0.7010806798934937,0
559,0,0.7019206285476685,0
560,1,0.5792335271835327,0
561,0,0.6990501880645752,1
562,0,0.7016107439994812,0
563,1,0.5847598910331726,0
564,1,0.5974176526069641,0
565,0,0.698217511177063,0
566,0,0.6997107863426208,0
567,0,0.5545523762702942,1
568,1,0.5833882689476013,1
569,0,0.6999868154525757,0
570,0,0.6997756958007812,1
571,0,0.7012074589729309,0
572,0,0.6979417204856873,1
573,0,0.6992084980010986,1
574,0,0.7011287808418274,0
575,0,0.7020016312599182,1
576,0,0.7006745338439941,1
577,0,0.7030733823776245,0
578,0,0.6982507705688477,0
579,0,0.701539158821106,1
580,0,0.6986731886863708,0
581,0,0.5858751535415649,0
582,0,0.7003856897354126,1
583,1,0.5535313487052917,1
584,0,0.700881838798523,0
585,0,0.6993902325630188,0
586,0,0.6970357894897461,0
587,0,0.6996294260025024,0
588,0,0.700387179851532,0
589,0,0.7020877599716187,0
590,0,0.6984476447105408,0
591,0,0.7018888592720032,0
592,0,0.6999467611312866,0
593,0,0.7023124098777771,0
594,0,0.6011671423912048,1
595,0,0.6984729170799255,0
596,0,0.6002233624458313,1
597,0,0.698417067527771,0
598,0,0.6975546479225159,0
599,0,0.6996126770973206,1
600,0,0.6991411447525024,0
601,0,0.7011941075325012,0
602,1,0.5550961494445801,1
603,0,0.7022634744644165,1
604,0,0.6990044116973877,1
605,0,0.7017347812652588,1
606,0,0.7008327841758728,1
607,0,0.6992531418800354,0
608,1,0.5562261939048767,0
609,0,0.6965533494949341,0
610,0,0.7008795142173767,1
611,0,0.6995360851287842,1
612,0,0.7029035687446594,1
613,0,0.6958423256874084,0
614,0,0.7023113965988159,0
615,0,0.7004456520080566,0
616,0,0.7022445797920227,0
617,0,0.6981332898139954,0
618,0,0.6979910731315613,1
619,0,0.5566424131393433,1
620,1,0.5532929301261902,1
621,0,0.69968581199646,1
622,0,0.6991704106330872,0
623,0,0.7022140026092529,0
624,1,0.6048982739448547,1
625,0,0.6094236373901367,0
626,0,0.6020014882087708,1
627,1,0.6067522764205933,1
628,0,0.703618586063385,1
629,0,0.7003152370452881,0
630,0,0.699300229549408,0
631,0,0.7007477879524231,0
632,0,0.6485561728477478,0
633,0,0.7021198868751526,0
634,0,0.7039990425109863,1
635,0,0.6993544101715088,1
636,1,0.6062344312667847,1
637,0,0.6985142827033997,1
638,0,0.7005435228347778,0
639,1,0.5724549889564514,0
640,0,0.7029671669006348,0
641,0,0.6973639726638794,1
642,0,0.6989083290100098,0
643,0,0.7011398077011108,1
644,0,0.6168277859687805,0
645,0,0.7025431394577026,0
646,0,0.701886773109436,1
647,0,0.6994857788085938,0
648,0,0.7015114426612854,1
649,0,0.5825293064117432,0
650,0,0.7009409666061401,1
651,0,0.6990125775337219,0
652,0,0.697417676448822,1
653,1,0.5797202587127686,1
654,1,0.5555095672607422,0
655,0,0.7020170092582703,1
656,0,0.6996381282806396,0
657,0,0.595779299736023,1
658,0,0.7021099328994751,0
659,0,0.7019441723823547,1
660,0,0.6977282166481018,0
661,0,0.6992824077606201,0
662,1,0.5596105456352234,1
663,0,0.6604536771774292,1
664,0,0.5545052289962769,1
665,1,0.5595325827598572,1
666,0,0.7015188336372375,0
667,0,0.650250256061554,1
668,0,0.701379656791687,0
669,0,0.7023464441299438,1
670,0,0.7014415264129639,1
671,0,0.6988437175750732,1
672,1,0.5890763998031616,1
673,0,0.7007697224617004,1
674,0,0.698672890663147,0
675,1,0.5663204789161682,0
676,0,0.6989865303039551,1
677,0,0.6982957720756531,1
678,0,0.701572835445404,0
679,0,0.6986520886421204,0
680,0,0.7001783847808838,1
681,0,0.6279609203338623,0
682,1,0.5856022834777832,1
683,0,0.6982983350753784,0
684,0,0.7010921239852905,1
685,0,0.7021844387054443,1
686,0,0.7019603848457336,0
687,0,0.6996294856071472,0
688,0,0.6948725581169128,0
689,0,0.7015685439109802,1
690,0,0.7026048898696899,1
691,0,0.700110137462616,1
692,0,0.7007997035980225,0
693,0,0.6969581246376038,0
694,0,0.7025110125541687,0
695,0,0.5776399374008179,0
696,1,0.5660089254379272,0
697,0,0.6041430830955505,0
698,0,0.696557879447937,0
699,0,0.6392711400985718,0
700,0,0.6988248229026794,0
701,0,0.6994534730911255,0
702,0,0.7002145051956177,1
703,0,0.6995033621788025,0
704,1,0.5901009440422058,0
705,0,0.6994794607162476,0
706,1,0.5919084548950195,1
707,0,0.5539988875389099,0
708,0,0.699924886226654,0
709,0,0.7029213905334473,0
710,0,0.6982256174087524,1
711,0,0.6989901065826416,1
712,0,0.6996737122535706,0
713,0,0.6967008113861084,0
714,0,0.7015776038169861,1
715,0,0.6993620991706848,0
716,1,0.5607327818870544,0
717,0,0.7024457454681396,1
718,0,0.7026532292366028,1
719,0,0.7014058232307434,0
720,0,0.6995857954025269,0
721,1,0.5548827052116394,0
722,1,0.5894866585731506,1
723,0,0.6983038783073425,0
724,0,0.7009662389755249,1
725,0,0.7001919150352478,0
726,0,0.7019438147544861,0
727,0,0.7012069821357727,1
728,0,0.703618586063385,0
729,0,0.7011152505874634,0
730,1,0.5938189625740051,1
731,0,0.7022066712379456,1
732,1,0.5597402453422546,0
733,1,0.574118971824646,0
734,0,0.6976017951965332,0
735,1,0.6195155382156372,1
736,0,0.6977578401565552,0
737,0,0.6980804204940796,0
738,1,0.6143549084663391,1
739,0,0.7001461386680603,0
740,1,0.5746929049491882,1
741,1,0.5482227802276611,0
742,0,0.6989989876747131,0
743,0,0.697838544845581,1
744,0,0.7011696100234985,0
745,1,0.5687161684036255,1
746,0,0.7019944190979004,0
747,0,0.6999866366386414,0
748,0,0.7001965641975403,0
749,0,0.6981237530708313,0
750,0,0.7018066048622131,0
751,0,0.703401505947113,0
752,1,0.6026668548583984,0
753,0,0.7028439044952393,1
754,0,0.5631623268127441,0
755,0,0.5523159503936768,1
756,1,0.5741757154464722,1
757,0,0.6091402769088745,0
758,0,0.7030479907989502,1
759,0,0.6980198621749878,0
760,0,0.5596730709075928,0
761,1,0.6112744808197021,1
762,1,0.6010547876358032,1
763,1,0.587086021900177,1
764,0,0.7011202573776245,0
765,0,0.7019573450088501,0
766,0,0.6994483470916748,0
767,0,0.699234127998352,0
768,0,0.6960595846176147,0
769,0,0.6996788382530212,0
770,0,0.5652064681053162,0
771,0,0.6974254846572876,0
772,0,0.5872322916984558,0
773,1,0.5646826028823853,1
774,0,0.701961874961853,1
775,0,0.699955403804779,0
776,0,0.5917457342147827,0
777,0,0.5633091926574707,0
778,0,0.700671911239624,0
779,0,0.6970487236976624,1
780,0,0.7029972076416016,1
781,0,0.5546272397041321,1
782,0,0.7003373503684998,1
783,0,0.7007772922515869,0
784,0,0.700976550579071,0
785,0,0.7003677487373352,0
786,0,0.7005794048309326,1
787,0,0.6962759494781494,0
788,0,0.5714315176010132,0
789,0,0.5736939907073975,0
790,0,0.7017871737480164,1
791,0,0.7020208835601807,0
792,1,0.5529572367668152,1
793,1,0.5852740406990051,1
794,1,0.6143549084663391,1
795,0,0.7011184096336365,0
796,0,0.7027767896652222,1
797,1,0.555683970451355,1
798,0,0.6962636709213257,0
799,0,0.698740541934967,0
800,0,0.6982906460762024,0
801,0,0.7006061673164368,0
802,1,0.5574203133583069,1
803,0,0.6994789838790894,1
804,0,0.7022747993469238,0
805,0,0.7020363807678223,1
806,0,0.7026782035827637,1
807,0,0.6997807621955872,1
808,0,0.5754543542861938,1
809,0,0.6964471340179443,0
810,0,0.6987583637237549,0
811,0,0.7014988660812378,1
812,0,0.7011364102363586,0
813,0,0.7023509740829468,1
814,1,0.6407790780067444,1
815,1,0.5752203464508057,1
816,0,0.6969244480133057,0
817,0,0.6240692734718323,0
818,0,0.584316611289978,1
819,0,0.7029340267181396,1
820,0,0.700177788734436,1
821,1,0.5986360907554626,0
822,0,0.6967508792877197,0
823,0,0.699728786945343,0
824,0,0.6991783380508423,0
825,0,0.7020801305770874,1
826,0,0.6995722651481628,1
827,0,0.7014182209968567,1
828,0,0.7006591558456421,1
829,1,0.5559722781181335,1
830,0,0.7004107236862183,1
831,0,0.7012605667114258,1
832,1,0.5539657473564148,0
833,0,0.5815417170524597,0
834,0,0.703245222568512,1
835,0,0.7038200497627258,0
836,0,0.5518897771835327,1
837,0,0.6971173286437988,0
838,0,0.7016381025314331,0
839,0,0.5884401202201843,0
840,0,0.70097416639328,1
841,0,0.6992700099945068,0
842,0,0.6986631751060486,0
843,0,0.5937731266021729,0
844,0,0.6984059810638428,0
845,0,0.6995255947113037,0
846,0,0.7008453607559204,0
847,0,0.6993131041526794,0
848,0,0.6979958415031433,0
849,0,0.6987128853797913,0
850,1,0.6184020042419434,1
851,0,0.6974818110466003,0
852,0,0.7017083168029785,1
853,1,0.5714559555053711,1
854,1,0.5489048361778259,0
855,1,0.6007534861564636,1
856,0,0.6996155977249146,1
857,1,0.5873289704322815,0
858,0,0.7008661031723022,1
859,0,0.7037605047225952,1
860,1,0.5700825452804565,1
861,0,0.70152348279953,1
862,1,0.5524754524230957,0
863,0,0.6986463069915771,1
864,0,0.5831995606422424,0
865,1,0.5548558235168457,1
866,0,0.6981543302536011,0
867,0,0.7012767791748047,0
868,0,0.6892266273498535,1
869,0,0.5583218932151794,1
870,0,0.7016698718070984,0
871,0,0.7014216184616089,1
872,0,0.7027869820594788,0
873,1,0.5719402432441711,1
874,0,0.5539600849151611,0
875,0,0.6998746991157532,0
876,0,0.698580265045166,0
877,0,0.7014588713645935,1
878,0,0.6984208822250366,0
879,0,0.7014641165733337,0
880,0,0.6985494494438171,0
881,0,0.7003226280212402,1
882,0,0.5689071416854858,0
883,0,0.5554301738739014,1
884,0,0.6960533857345581,0
885,0,0.7030249238014221,0
886,0,0.6955785155296326,0
887,0,0.6988091468811035,0
888,1,0.5521944761276245,1
889,0,0.7012602090835571,0
890,1,0.6028876900672913,0
891,0,0.6952307820320129,1
892,0,0.6976686716079712,0
893,1,0.6184020042419434,1
894,0,0.6998602747917175,0
895,0,0.6986554861068726,1
896,0,0.6999441385269165,0
897,1,0.5822585225105286,0
898,0,0.7008741497993469,0
899,0,0.6991407871246338,0
900,0,0.698085367679596,0
901,0,0.6998785138130188,1
902,0,0.6957842707633972,0
903,0,0.6220775246620178,0
904,1,0.6323917508125305,1
905,0,0.5769169926643372,0
906,0,0.700545072555542,0
907,0,0.5925220251083374,0
908,1,0.5530891418457031,1
909,0,0.553368091583252,0
910,0,0.70118248462677,0
911,0,0.6995043158531189,0
912,0,0.7007922530174255,1
913,0,0.5582714676856995,0
914,0,0.7027818560600281,0
915,0,0.7004846334457397,0
916,0,0.6985985040664673,0
917,0,0.702849268913269,1
918,0,0.7010570764541626,0
919,0,0.7005489468574524,0
920,0,0.699178159236908,0
921,1,0.5871848464012146,1
922,0,0.7000292539596558,0
923,0,0.701751708984375,1
924,0,0.5740150213241577,0
925,0,0.6970019936561584,0
926,0,0.6986467242240906,0
927,1,0.5517300367355347,0
928,0,0.7012388706207275,0
929,0,0.7007749080657959,0
930,0,0.6980903744697571,0
931,0,0.7005099654197693,0
932,0,0.7011241912841797,0
933,0,0.6985015869140625,1
934,0,0.7018724083900452,0
935,0,0.7022826671600342,0
936,0,0.6982407569885254,0
937,0,0.6982825398445129,0
938,0,0.703063428401947,1
939,0,0.6999397277832031,1
940,0,0.7034627795219421,1
941,1,0.6047772765159607,1
942,1,0.5889793038368225,0
943,1,0.5619217157363892,1
944,0,0.7003062963485718,0
945,0,0.7011446952819824,0
946,1,0.5690593719482422,1
947,1,0.5700846910476685,1
948,1,0.5879019498825073,1
949,0,0.7005818486213684,1
950,1,0.5581950545310974,1
951,0,0.6995841264724731,0
952,0,0.6485287547111511,0
953,0,0.6986066102981567,0
954,0,0.7004532217979431,1
955,1,0.5690175294876099,1
956,0,0.7012947201728821,1
957,0,0.6982995867729187,0
958,0,0.701295793056488,1
959,0,0.698546826839447,0
960,0,0.7010210752487183,0
961,0,0.5769901275634766,0
962,0,0.7007235884666443,0
963,1,0.589207112789154,0
964,0,0.7030200362205505,1
965,1,0.549399733543396,0
966,0,0.6987388134002686,1
967,0,0.7000060081481934,0
968,0,0.7023122906684875,1
969,0,0.7011193037033081,1
970,0,0.5668049454689026,0
971,0,0.6979413628578186,0
972,0,0.6816630959510803,1
973,0,0.6994112133979797,0
974,1,0.5989735126495361,1
975,1,0.5553466081619263,1
976,1,0.5583174228668213,0
977,0,0.7015044093132019,0
978,0,0.6892266273498535,0
979,0,0.6993715167045593,0
980,0,0.6987989544868469,0
981,0,0.6984763741493225,0
982,0,0.5741231441497803,0
983,0,0.6978955864906311,0
984,0,0.6988326907157898,1
985,0,0.6983125805854797,0
986,1,0.5699502229690552,1
987,0,0.554409921169281,1
988,0,0.6986678838729858,0
989,0,0.7022602558135986,1
990,1,0.5636551380157471,1
991,0,0.7003512978553772,1
992,0,0.7020608186721802,0
993,0,0.6992018818855286,0
994,0,0.7003397345542908,1
995,0,0.7012268304824829,1
996,0,0.7003214955329895,1
997,0,0.7004892230033875,0
998,0,0.700752854347229,1
999,0,0.7019126415252686,0
1000,0,0.6989908814430237,1
1001,0,0.7033370137214661,0
1002,1,0.5923636555671692,0
1003,1,0.5858402848243713,0
1004,0,0.6980562210083008,0
1005,0,0.6988589763641357,0
1006,0,0.7007978558540344,0
1007,0,0.6950485110282898,0
1008,0,0.7001836895942688,0
1009,0,0.7000702023506165,0
1010,0,0.7003193497657776,0
1011,0,0.7021539807319641,1
1012,0,0.6988548040390015,1
1013,0,0.6976639628410339,0
1014,0,0.7033121585845947,0
1015,0,0.7016967535018921,1
1016,0,0.6988748908042908,0
1017,0,0.6989466547966003,0
1018,0,0.6980475783348083,0
1019,0,0.7016278505325317,0
1020,0,0.6988465785980225,0
1021,0,0.7013291120529175,1
1022,0,0.703808069229126,1
1023,0,0.6983810663223267,1
1024,0,0.6993376016616821,1
1025,0,0.6994450092315674,0
1026,0,0.7007538080215454,1
1027,1,0.5735737085342407,0
1028,0,0.6964727640151978,0
1029,0,0.6997491717338562,1
1030,0,0.7031468152999878,0
1031,0,0.69785076379776,0
1032,0,0.7014026045799255,0
1033,0,0.6998287439346313,0
1034,0,0.6997456550598145,0
1035,0,0.6998168230056763,1
1036,0,0.7024738192558289,0
1037,0,0.6986127495765686,1
1038,0,0.6317746043205261,0
1039,0,0.7011511325836182,1
1040,0,0.573555052280426,1
1041,0,0.5863905549049377,1
1042,0,0.7007750272750854,1
1043,0,0.7027860879898071,1
1044,0,0.6992137432098389,0
1045,0,0.5555711388587952,1
1046,0,0.7027702927589417,0
1047,0,0.6980440616607666,0
1048,0,0.553847074508667,1
1049,0,0.7007556557655334,0
1050,0,0.6273623704910278,0
1051,0,0.6992554664611816,0
1052,0,0.6993313431739807,0
1053,0,0.6999937891960144,1
1054,0,0.564816415309906,0
1055,0,0.7006339430809021,0
1056,1,0.5861433744430542,1
1057,0,0.6981674432754517,0
1058,0,0.7019557952880859,1
1059,0,0.7034124135971069,1
1060,0,0.6988511085510254,0
1061,0,0.7002894878387451,0
1062,0,0.7030899524688721,1
1063,1,0.5602792501449585,0
1064,0,0.7000002264976501,1
1065,0,0.7017075419425964,1
1066,0,0.613764226436615,0
1067,0,0.6998637318611145,1
1068,0,0.6988028883934021,0
1069,0,0.6990939974784851,0
1070,0,0.6982605457305908,1
1071,0,0.6996586322784424,0
1072,0,0.7007949948310852,0
1073,0,0.7025431990623474,0
1074,0,0.7033204436302185,0
1075,1,0.5507538318634033,0
1076,0,0.5880468487739563,0
1077,1,0.5969635248184204,0
1078,0,0.7016600370407104,1
1079,0,0.698216438293457,0
1080,0,0.6981552839279175,1
1081,1,0.5915464162826538,1
1082,0,0.6973626017570496,0
1083,0,0.6762746572494507,0
1084,0,0.6463637351989746,1
1085,0,0.6603877544403076,1
1086,0,0.7016211748123169,1
1087,0,0.7020251154899597,0
1088,0,0.6995928883552551,1
1089,0,0.6961081624031067,0
1090,1,0.5640825033187866,0
1091,0,0.6987509727478027,1
1092,0,0.6989273428916931,0
1093,0,0.7019439935684204,1
1094,0,0.7032614946365356,0
1095,0,0.6977037787437439,0
1096,0,0.7005635499954224,1
1097,0,0.5906811356544495,0
1098,0,0.6066139340400696,0
1099,0,0.6982560753822327,1
1100,0,0.6434603333473206,0
1101,0,0.6993927359580994,0
1102,0,0.7019517421722412,0
1103,1,0.5604941844940186,1
1104,0,0.6991148591041565,1
1105,0,0.6974795460700989,0
1106,1,0.5769622325897217,0
1107,1,0.6018528342247009,0
1108,1,0.5588372945785522,1
1109,0,0.6965121626853943,0
1110,0,0.7012321949005127,0
1111,0,0.7021832466125488,0
1112,0,0.7036496996879578,1
1113,0,0.5586021542549133,0
1114,0,0.6989145278930664,0
1115,0,0.676260769367218,0
1116,0,0.7005231380462646,1
1117,0,0.6958082318305969,1
1118,0,0.702835738658905,0
1119,0,0.7010969519615173,0
1120,1,0.5615695714950562,0
1121,0,0.7001228332519531,0
1122,0,0.7008663415908813,0
1123,0,0.6997889280319214,0
1124,0,0.7043144106864929,1
1125,0,0.6947915554046631,0
1126,0,0.6998113393783569,1
1127,0,0.70017409324646,1
1128,0,0.6998013854026794,0
1129,0,0.69710773229599,1
1130,0,0.6437729001045227,0
1131,1,0.5715849995613098,1
1132,0,0.6997409462928772,0
1133,1,0.5743635296821594,1
1134,0,0.6994470357894897,0
1135,0,0.6988933086395264,0
1136,0,0.6999354362487793,0
1137,0,0.6336250901222229,0
1138,0,0.696936845779419,0
1139,0,0.7002189755439758,0
1140,1,0.6056979894638062,1
1141,0,0.699824333190918,1
1142,0,0.6991636753082275,0
1143,0,0.698076605796814,0
1144,0,0.6984512209892273,0
1145,0,0.7012940645217896,1
1146,0,0.7010147571563721,1
1147,0,0.6994986534118652,0
1148,0,0.689640998840332,0
1149,1,0.6140606999397278,1
1150,0,0.7034712433815002,1
1151,1,0.5759337544441223,0
1152,0,0.6993172764778137,1
1153,0,0.7027812004089355,1
1154,0,0.6997141242027283,1
1155,0,0.7020844221115112,1
1156,0,0.7011178731918335,1
1157,0,0.702072024345398,1
1158,1,0.5543741583824158,1
1159,0,0.6889895796775818,0
1160,0,0.6055550575256348,0
1161,0,0.5912904739379883,1
1162,0,0.5934889316558838,1
1163,0,0.697497546672821,0
1164,0,0.6980445384979248,1
1165,0,0.6993358135223389,0
1166,0,0.701466977596283,0
1167,0,0.6993401050567627,1
1168,1,0.6095041632652283,0
1169,1,0.5784130692481995,0
1170,0,0.5492247939109802,0
1171,1,0.5546146631240845,1
1172,0,0.6052913665771484,0
1173,0,0.7006419897079468,1
1174,0,0.7023071646690369,0
1175,0,0.7024329304695129,1
1176,1,0.5489500761032104,0
1177,1,0.5694538950920105,0
1178,0,0.6986510753631592,0
1179,0,0.7005048990249634,0
1180,0,0.5691901445388794,0
1181,0,0.7009264230728149,0
1182,0,0.7001281380653381,0
1183,0,0.6968626976013184,0
1184,0,0.6996431350708008,0
1185,0,0.6118053197860718,1
1186,0,0.6992691159248352,1
1187,0,0.6988472938537598,1
1188,0,0.7003262639045715,0
1189,0,0.6954121589660645,0
1190,1,0.5724537968635559,0
1191,0,0.5481483936309814,0
1192,1,0.5776413679122925,1
1193,0,0.6995334625244141,0
1194,0,0.5611025094985962,0
1195,0,0.7034022808074951,1
1196,0,0.6978183388710022,0
1197,0,0.7000636458396912,0
1198,0,0.6993201971054077,1
1199,0,0.6957585215568542,0
1200,0,0.7006207704544067,0
1201,0,0.6990619897842407,0
1202,0,0.6965669989585876,0
1203,0,0.6994882225990295,0
1204,0,0.7027068734169006,1
1205,0,0.6994103193283081,1
1206,1,0.5840744972229004,1
1207,1,0.5538730621337891,0
1208,0,0.7012322545051575,0
1209,0,0.7015297412872314,0
1210,0,0.6143427491188049,0
1211,1,0.6009433269500732,0
1212,1,0.620637059211731,1
1213,0,0.701654851436615,0
1214,0,0.7023886442184448,1
1215,0,0.6485561728477478,0
1216,0,0.6290739178657532,1
1217,0,0.7007685303688049,0
1218,0,0.6967937350273132,0
1219,0,0.701876699924469,0
1220,0,0.7013222575187683,0
1221,1,0.5528138279914856,0
1222,1,0.5827792286872864,1
1223,0,0.6970664262771606,1
1224,0,0.5659873485565186,1
1225,0,0.7009947896003723,0
1226,0,0.7024633884429932,0
1227,0,0.698238730430603,0
1228,0,0.7017635107040405,0
1229,0,0.7027748227119446,1
1230,0,0.7021153569221497,1
1231,0,0.6992781162261963,0
1232,0,0.5987282991409302,0
1233,0,0.6996869444847107,0
1234,0,0.7002666592597961,1
1235,0,0.7010485529899597,1
1236,0,0.7014225721359253,0
1237,0,0.6990621089935303,1
1238,0,0.7001087069511414,0
1239,1,0.5841764807701111,1
1240,0,0.7019690871238708,0
1241,0,0.698251485824585,0
1242,1,0.5696227550506592,1
1243,0,0.7001738548278809,1
1244,0,0.7006596326828003,0
1245,0,0.7013815641403198,0
1246,0,0.7002432942390442,1
1247,0,0.5721996426582336,0
1248,1,0.611150324344635,1
1249,1,0.6253376007080078,1
1250,0,0.6981552839279175,1
1251,0,0.7012619972229004,0
1252,0,0.7011682987213135,1
1253,0,0.7026410698890686,0
1254,0,0.6957038044929504,0
1255,0,0.6984243988990784,0
1256,0,0.6960721015930176,0
1257,0,0.6993296146392822,1
1258,0,0.7031456828117371,0
1259,0,0.6977556943893433,1
1260,0,0.7008007168769836,0
1261,0,0.6537110805511475,0
1262,0,0.7025620937347412,1
1263,0,0.6985242962837219,0
1264,0,0.7015770077705383,0
1265,1,0.5514527559280396,1
1266,0,0.6478758454322815,0
1267,0,0.6976578235626221,0
1268,0,0.6986132860183716,0
1269,0,0.5480408072471619,0
1270,0,0.7017558813095093,0
1271,0,0.7009649872779846,1
1272,0,0.6996861696243286,0
1273,0,0.7006750106811523,1
1274,0,0.699283242225647,0
1275,0,0.7021937966346741,1
1276,0,0.6888390183448792,1
1277,0,0.6998213529586792,0
1278,0,0.6968004107475281,0
1279,0,0.6996232867240906,0
1280,0,0.6969057321548462,1
1281,0,0.7007662057876587,1
1282,0,0.6999514102935791,1
1283,1,0.5758119821548462,1
1284,0,0.7023943066596985,1
1285,0,0.7012093663215637,1
1286,0,0.6954360604286194,0
1287,0,0.6984894275665283,0
1288,0,0.6981350183486938,0
1289,0,0.6998503804206848,0
1290,0,0.6994157433509827,0
1291,0,0.699187159538269,0
1292,0,0.5956074595451355,1
1293,1,0.5966019630432129,1
1294,0,0.5850434303283691,1
1295,0,0.7018960118293762,0
1296,0,0.7009453773498535,0
1297,0,0.6978781223297119,1
1298,1,0.6282509565353394,1
1299,0,0.7034197449684143,0
1300,1,0.5818636417388916,0
1301,0,0.7023487091064453,1
1302,1,0.636955976486206,1
1303,1,0.6378685235977173,1
1304,0,0.6991309523582458,0
1305,0,0.7019147872924805,1
1306,1,0.5880154967308044,0
1307,0,0.7000762820243835,0
1308,0,0.7003501653671265,1
1309,0,0.699195146560669,1
1310,0,0.7024632096290588,1
1311,0,0.6180576682090759,1
1312,1,0.560150682926178,1
1313,0,0.7009658217430115,0
1314,0,0.7012126445770264,0
1315,0,0.7026641368865967,0
1316,0,0.6986569166183472,1
1317,0,0.6426194906234741,0
1318,0,0.6958093643188477,1
1319,0,0.6990386843681335,0
1320,0,0.5646782517433167,1
1321,0,0.6861572265625,0
1322,0,0.6996291279792786,0
1323,0,0.7016223073005676,1
1324,0,0.6989826560020447,0
1325,0,0.6982637047767639,0
1326,0,0.6988553404808044,0
1327,0,0.7021528482437134,1
1328,0,0.6963872909545898,0
1329,0,0.6990359425544739,0
1330,0,0.6985901594161987,0
1331,0,0.6037921905517578,0
1332,0,0.6960484981536865,1
1333,0,0.7024534940719604,1
1334,0,0.6985927224159241,0
1335,0,0.7004753351211548,0
1336,0,0.7010746598243713,1
1337,0,0.6996764540672302,1
1338,0,0.7012933492660522,1
1339,0,0.7006986141204834,1
1340,0,0.7006250023841858,0
1341,0,0.7000889182090759,1
1342,0,0.6966222524642944,0
1343,0,0.6981838941574097,0
1344,0,0.6990892291069031,1
1345,0,0.6961567997932434,0
1346,0,0.7005958557128906,1
1347,0,0.6985089182853699,1
1348,1,0.5576895475387573,0
1349,0,0.6984350085258484,0
1350,0,0.7025384902954102,1
1351,1,0.5540743470191956,1
1352,0,0.6978708505630493,1
1353,0,0.7009556889533997,0
1354,0,0.7020495533943176,0
1355,1,0.5488768219947815,1
1356,0,0.6975059509277344,0
1357,0,0.5783777236938477,1
1358,0,0.7007994651794434,1
1359,0,0.6979458332061768,0
1360,1,0.5693445205688477,1
1361,0,0.6990076303482056,1
1362,0,0.7017713189125061,1
1363,0,0.7001907825469971,1
1364,0,0.6996248364448547,0
1365,0,0.6998292803764343,0
1366,0,0.7005785703659058,1
1367,0,0.6350131630897522,0
1368,1,0.5619217157363892,1
1369,0,0.7000478506088257,1
1370,0,0.7013039588928223,1
1371,0,0.6997275948524475,1
1372,0,0.7017520070075989,1
1373,0,0.5498484373092651,0
1374,0,0.6276646852493286,1
1375,0,0.6971257925033569,1
1376,0,0.6956194639205933,0
1377,0,0.5896167159080505,1
1378,0,0.6960893273353577,0
1379,0,0.6045754551887512,0
1380,0,0.6993451714515686,1
1381,0,0.6963540315628052,1
1382,0,0.5601325035095215,1
1383,0,0.701076865196228,0
1384,0,0.6991413235664368,0
1385,0,0.696099579334259,0
1386,0,0.6954657435417175,1
1387,0,0.7014262080192566,0
1388,0,0.7028974294662476,0
1389,0,0.6983193755149841,1
1390,0,0.7013463377952576,0
1391,0,0.6998779773712158,0
1392,0,0.6991862058639526,0
1393,0,0.7005685567855835,0
1394,0,0.699668824672699,0
1395,0,0.5587460994720459,0
1396,0,0.6999428272247314,1
1397,1,0.5943894386291504,0
1398,0,0.702297031879425,1
1399,0,0.7012990713119507,1
1400,0,0.7033368349075317,1
1401,0,0.5876302123069763,1
1402,0,0.6989961862564087,0
1403,1,0.5497623682022095,1
1404,0,0.6980811357498169,0
1405,0,0.6151030659675598,1
1406,0,0.7005156874656677,0
1407,0,0.7004957795143127,0
1408,0,0.7009460926055908,0
1409,0,0.7014683485031128,1
1410,0,0.7007883191108704,1
1411,0,0.5883154273033142,0
1412,0,0.698924720287323,1
1413,0,0.5496420860290527,0
1414,0,0.7018887400627136,1
1415,0,0.7025476098060608,1
1416,0,0.6996310353279114,0
1417,0,0.6881902813911438,0
1418,0,0.699302077293396,0
1419,0,0.7028725147247314,1
1420,0,0.6962684988975525,0
1421,0,0.7024747729301453,1
1422,0,0.6992369294166565,0
1423,0,0.7011606097221375,1
1424,0,0.6977518200874329,0
1425,0,0.7019333243370056,0
1426,0,0.7013078927993774,1
1427,0,0.6996999382972717,0
1428,1,0.5802239179611206,0
1429,0,0.6982740163803101,0
1430,0,0.5660439133644104,0
1431,0,0.6332850456237793,0
1432,0,0.6936098337173462,0
1433,0,0.7004408836364746,1
1434,0,0.7002512216567993,0
1435,1,0.5724882483482361,1
1436,0,0.5488770008087158,0
1437,0,0.7010270357131958,0
1438,0,0.6995951533317566,1
1439,0,0.5552220344543457,1
1440,0,0.5741066932678223,1
1441,1,0.5639581084251404,1
1442,1,0.5791937112808228,0
1443,0,0.699900209903717,1
1444,0,0.7001641988754272,1
1445,0,0.7023395895957947,1
1446,0,0.6999779939651489,0
1447,0,0.6949455738067627,1
1448,1,0.5841411352157593,1
1449,0,0.7026918530464172,0
1450,1,0.5881948471069336,1
1451,0,0.6990721821784973,0
1452,0,0.6034746170043945,0
1453,0,0.697674036026001,0
1454,0,0.69820636510849,1
1455,0,0.7033765316009521,1
1456,0,0.6983426213264465,0
1457,0,0.700268030166626,0
1458,0,0.6995068788528442,1
1459,0,0.6720268726348877,1
1460,0,0.7011271119117737,1
1461,0,0.7000587582588196,0
1462,0,0.6978589296340942,1
1463,0,0.7024747729301453,0
1464,0,0.699276864528656,1
1465,0,0.6992462873458862,1
1466,0,0.568581223487854,1
1467,0,0.6971102952957153,1
1468,0,0.6994552612304688,0
1469,0,0.6172386407852173,0
1470,1,0.5686505436897278,0
1471,0,0.6985733509063721,0
1472,0,0.6991457343101501,0
1473,0,0.7006000280380249,0
1474,0,0.6995171904563904,0
1475,0,0.7009015679359436,0
1476,1,0.5668150186538696,1
1477,0,0.7020887136459351,0
1478,0,0.700207531452179,1
1479,0,0.6989828944206238,0
1480,0,0.6976169943809509,0
1481,0,0.6997378468513489,0
1482,0,0.6986018419265747,0
1483,0,0.7004215717315674,0
1484,0,0.7018581628799438,1
1485,0,0.7032714486122131,1
1486,0,0.5606912970542908,0
1487,0,0.7020347118377686,0
1488,0,0.7004334330558777,0
1489,0,0.6995761394500732,0
1490,0,0.6988188624382019,0
1491,0,0.6972340941429138,0
1492,0,0.5973419547080994,1
1493,0,0.6131725311279297,0
1494,0,0.7007263898849487,0
1495,0,0.7017117142677307,1
1496,0,0.6995851993560791,0
1497,0,0.7002412676811218,0
1498,0,0.5741991400718689,0
1499,0,0.6993811726570129,0
1500,0,0.6985057592391968,0
1501,0,0.6969113349914551,1
1502,1,0.5760006308555603,1
1503,0,0.5781673789024353,0
1504,1,0.5604819059371948,1
1505,0,0.7003196477890015,0
1506,1,0.5633037090301514,1
1507,0,0.5490648746490479,0
1508,0,0.7024087309837341,1
1509,0,0.6982961893081665,0
1510,0,0.7007741928100586,1
1511,0,0.6989195346832275,0
1512,0,0.6252296566963196,1
1513,1,0.5612799525260925,0
1514,0,0.6986712217330933,0
1515,0,0.629267692565918,1
1516,1,0.5498579144477844,1
1517,0,0.6978708505630493,1
1518,0,0.6996521949768066,1
1519,0,0.698612630367279,0
1520,0,0.6975662112236023,1
1521,0,0.6982173323631287,0
1522,0,0.7025634050369263,1
